[
    {
        "1/2/2009 6:17": "1/2/2009 4:53",
        "Product1": "Product1",
        "1200": "1200",
        "Mastercard": "Visa",
        "carolina": "Betina",
        "Basildon": "Parkville",
        "England": "MO",
        "United Kingdom": "United States"
    },
    {
        "1/2/2009 6:17": "1/2/2009 13:08",
        "Product1": "Product1",
        "1200": "1200",
        "Mastercard": "Mastercard",
        "carolina": "Federica e Andrea",
        "Basildon": "Astoria",
        "England": "OR",
        "United Kingdom": "United States"
    },
    {
        "1/2/2009 6:17": "1/3/2009 14:44",
        "Product1": "Product1",
        "1200": "1200",
        "Mastercard": "Visa",
        "carolina": "Gouya",
        "Basildon": "Echuca",
        "England": "Victoria",
        "United Kingdom": "Australia"
    },
    {
        "1/2/2009 6:17": "1/4/2009 12:56",
        "Product1": "Product2",
        "1200": "3600",
        "Mastercard": "Visa",
        "carolina": "Gerd W ",
        "Basildon": "Cahaba Heights",
        "England": "AL",
        "United Kingdom": "United States"
    },
    {
        "1/2/2009 6:17": "1/4/2009 13:19",
        "Product1": "Product1",
        "1200": "1200",
        "Mastercard": "Visa",
        "carolina": "LAURENCE",
        "Basildon": "Mickleton",
        "England": "NJ",
        "United Kingdom": "United States"
    },
    {
        "1/2/2009 6:17": "1/4/2009 20:11",
        "Product1": "Product1",
        "1200": "1200",
        "Mastercard": "Mastercard",
        "carolina": "Fleur",
        "Basildon": "Peoria",
        "England": "IL",
        "United Kingdom": "United States"
    },
    {
        "1/2/2009 6:17": "1/2/2009 20:09",
        "Product1": "Product1",
        "1200": "1200",
        "Mastercard": "Mastercard",
        "carolina": "adam",
        "Basildon": "Martin",
        "England": "TN",
        "United Kingdom": "United States"
    },
    {
        "1/2/2009 6:17": "1/4/2009 13:17",
        "Product1": "Product1",
        "1200": "1200",
        "Mastercard": "Mastercard",
        "carolina": "Renee Elisabeth",
        "Basildon": "Tel Aviv",
        "England": "Tel Aviv",
        "United Kingdom": "Israel"
    }
]